id,이름,나이,거주지
1,이경원,32,인천
2,홍길동,30,서울
3,아무개,25,강원
4,이경원,32,인천
5,홍길동,30,서울
6,아무개,25,강원
7,이경원,32,인천
8,홍길동,30,서울
9,아무개,25,강원
10,이경원,32,인천
11,홍길동,30,서울
12,아무개,25,강원
13,이경원,32,인천
14,홍길동,30,서울
15,아무개,25,강원
16,이경원,32,인천
17,홍길동,30,서울
18,아무개,25,강원
19,홍길동,30,서울
20,아무개,25,강원
21,홍길동,30,서울
22,아무개,25,강원
23,이경원,32,인천
24,홍길동,30,서울
25,아무개,25,강원
26,이경원,32,인천
27,홍길동,30,서울
28,아무개,25,강원
29,홍길동,30,서울
30,아무개,25,강원
31,홍길동,30,서울
32,아무개,25,강원
33,이경원,32,인천
34,홍길동,30,서울
35,아무개,25,강원
36,이경원,32,인천
37,홍길동,30,서울
38,아무개,25,강원
39,홍길동,30,서울
40,아무개,25,강원
41,홍길동,30,서울
42,아무개,25,강원
43,이경원,32,인천
44,홍길동,30,서울
45,아무개,25,강원
46,이경원,32,인천
47,홍길동,30,서울
48,아무개,25,강원
49,홍길동,30,서울
50,아무개,25,강원
51,홍길동,30,서울
52,아무개,25,강원
53,이경원,32,인천
54,홍길동,30,서울
55,아무개,25,강원
56,이경원,32,인천
57,홍길동,30,서울
58,아무개,25,강원
59,홍길동,30,서울
60,아무개,25,강원
61,홍길동,30,서울
62,아무개,25,강원
63,이경원,32,인천
64,홍길동,30,서울
65,아무개,25,강원
66,이경원,32,인천
67,홍길동,30,서울
68,아무개,25,강원
69,홍길동,30,서울
70,아무개,25,강원
71,홍길동,30,서울
72,아무개,25,강원
73,이경원,32,인천
74,홍길동,30,서울
75,아무개,25,강원
76,이경원,32,인천
77,홍길동,30,서울
78,아무개,25,강원
79,홍길동,30,서울
80,아무개,25,강원
81,홍길동,30,서울
82,아무개,25,강원
83,이경원,32,인천
84,홍길동,30,서울
85,아무개,25,강원
86,이경원,32,인천
87,홍길동,30,서울
88,아무개,25,강원
89,홍길동,30,서울
90,이경원,32,인천
91,홍길동,30,서울
92,아무개,25,강원
93,이경원,32,인천
94,홍길동,30,서울
95,아무개,25,강원
96,이경원,32,인천
97,홍길동,30,서울
98,아무개,25,강원
99,홍길동,30,서울
100,아무개,25,강원
101,아무개2,25,강원
101,아무개3,25,강원
101,아무개4,25,강원